1,Hinterland Harbor,9.99
1,"Azusa, Lost but Seeking",10.99
1,Enter the Unknown,0.35
1,Path of Discovery,2.79
1,World Shaper,5.99
1,Aetherize,0.99
1,Abundance,1.49
1,Ramunap Excavator,4.99
1,Sylvan Safekeeper,16.99
1,Wood Elves,1.29
1,Rites of Flourishing,1.49
1,Ghirapur Orrery,0.59
1,Horn of Greed,10.99
1,Splendid Reclamation,0.99
1,Retreat to Coralhelm,1.29
1,Meloku the Clouded Mirror,0.99
1,Walking Atlas,1.79
1,Roil Elemental,13.99
1,Khalni Gem,0.25
1,Skyshroud Ranger,0.39
1,Trade Routes,5.49
1,Summer Bloom,2.79
1,Oboro Breezecaller,0.25
1,Sakura-Tribe Scout,2.79
1,Seed the Land,3.99
1,Soratami Cloudskater,0.25
1,Diligent Farmhand,0.59
1,Mana Breach,3.49
1,Storm Cauldron,4.49
1,Gaea's Touch,3.99
1,The Mending of Dominaria,0.49
1,Darksteel Plate,19.99
1,Crucible of Worlds,47.99
1,Warped Landscape,0.49
1,Farhaven Elf,0.35
1,Breeding Pool,25.99
1,Springbloom Druid,0.25
1,Rampaging Baloths,0.35
1,Elixir of Immortality,0.79
1,"Tatyova, Benthic Druid",2.49
1,Rampant Growth,0.79
1,Khalni Heart Expedition,0.29
1,Explosive Vegetation,0.99
1,Broken Bond,0.49
1,Counterspell,2.29
1,Arcane Denial,2.79
1,Dryad of the Ilysian Grove,25.99
1,Animist's Awakening,0.69
1,Simic Growth Chamber,0.25
1,Reliquary Tower,4.99
1,Myriad Landscape,0.35
1,Blighted Woodland,0.29
1,Psychosis Crawler,0.69
1,Lightning Greaves,10.99
1,Sakura-Tribe Elder,1.29
1,Kodama's Reach,1.99
1,Harrow,0.59
1,Beast Within,1.29
1,Cultivate,0.69
1,Evolving Wilds,0.25
1,Terramorphic Expanse,1.79
1,Explore,0.25
1,Sporemound,0.25
1,Zendikar's Roil,0.49
1,Dawntreader Elk,0.25
1,Exploration,24.99
22,Forest,0.99
11,Island,0.99
1,Avenger of Zendikar,8.49
1,Command Tower,2.79
1,Fertilid,0.25
1,Terminal Moraine,1.49
1,Floodbringer,0.25
1,Skyshroud Ranger,0.39
1,"Budoka Gardener // Dokai, Weaver of Life",1.49
1,Llanowar Scout,0.25
1,Dreamscape Artist,0.25
1,Nyxbloom Ancient,21.99
1,Ghost Quarter,1.79
1,Heroic Intervention,15.99
1,Aether Gale,1.29
1,Coiling Oracle,0.25
1,Sol Ring,2.79
1,Crawling Sensation,0.25
1,Kefnet the Mindful,1.49
1,River's Rebuke,1.99
1,Undergrowth Champion,2.79
1,Excavation,0.25
1,Coral Atoll,0.25
1,Burnished Hart,0.29
1,Elvish Rejuvenator,0.25
1,Journey of Discovery,0.25
1,Dryad Greenseeker,0.25
